<?xml version="1.0" encoding="utf-8" standalone="yes"?>
<rss version="2.0" xmlns:atom="http://www.w3.org/2005/Atom">
  <channel>
    <title>Topics on Jamstack</title>
    <link>http://example.org/topic/</link>
    <description>Recent content in Topics on Jamstack</description>
    <generator>Hugo -- gohugo.io</generator>
    <language>en-us</language><atom:link href="http://example.org/topic/index.xml" rel="self" type="application/rss+xml" />
    <item>
      <title>Education</title>
      <link>http://example.org/topic/education/</link>
      <pubDate>Mon, 01 Jan 0001 00:00:00 +0000</pubDate>
      
      <guid>http://example.org/topic/education/</guid>
      <description>Education The process of facilitating learning, or the acquisition of knowledge, morals, and personal development.    PowerPoint Free Course - Tips and Tricks for Business Presentations  Helen G. Williams • May 27, 2022   5 Popular eLearning Content Types  James Anthony Knight • May 27, 2022   How to Teach Yourself a Second Language  Helen G. Williams • May 27, 2022   The Advantages of Using Free Online Courses  Helen G.</description>
    </item>
    
    <item>
      <title>Lifestyles</title>
      <link>http://example.org/topic/lifestyles/</link>
      <pubDate>Mon, 01 Jan 0001 00:00:00 +0000</pubDate>
      
      <guid>http://example.org/topic/lifestyles/</guid>
      <description>Lifestyles Describes an individual&amp;#39;s attitude, way of life, values, or worldview.    8 Tips to Motivate Your Lazy Self  Helen G. Williams • May 27, 2022   How to choose the best chewy food for your dog?  Ying Leak • May 27, 2022   How Perfectly Does Zolpidem Deal With Insomnia?  Joseph Ballard • May 27, 2022   HOW TO DEAL WITH ACNE AND PIGMENTATION FOR DRY SKIN  Ying Leak • May 27, 2022   Karma Doesn&amp;#39;t Work How Most People Think It Does  Ying Leak • May 27, 2022   Most Important Beauty Tips Every Woman Must Know  Helen G.</description>
    </item>
    
    <item>
      <title>News</title>
      <link>http://example.org/topic/news/</link>
      <pubDate>Mon, 01 Jan 0001 00:00:00 +0000</pubDate>
      
      <guid>http://example.org/topic/news/</guid>
      <description>News Contemporary announcements from around the world.    Top 15 Companies Giving Best White Label NFT Marketplace Services  Joseph Ballard • May 27, 2022   Brazil Invest in New Transport Monitoring System  Ying Leak • May 27, 2022   Fight Against Drug Trafficking by GGL  Joseph Ballard • May 27, 2022   How climate change plays with the Australian economy  Jason Adam Katzenstein • May 27, 2022   US-China fight over Covid 19  Ying Leak • May 27, 2022   Travel updates in the UAE: Your Legal Guide during Pandemic  Jason Adam Katzenstein • May 27, 2022   Discovering Florida Arrest Records Public Search  Joseph Ballard • May 27, 2022   Are You Fired Illegally: Get You Right Back with Wrongful Termination Lawyers  Joseph Ballard • May 27, 2022   What are the Punishments for Physical Assault In Public?</description>
    </item>
    
    <item>
      <title>Sports</title>
      <link>http://example.org/topic/sports/</link>
      <pubDate>Mon, 01 Jan 0001 00:00:00 +0000</pubDate>
      
      <guid>http://example.org/topic/sports/</guid>
      <description>Sports Form of writing that reports on matters pertaining to sporting topics.    Ten Most Amazing Stadiums Around The World Which Every Sports Lover Should Know  Liam Cunningham • May 27, 2022   Buy Genuine Premier League Football Tickets At Competitive Rates  James Anthony Knight • May 27, 2022   Enjoy Watching Football Tournaments Online in this Pandemic  Amy Burns • May 27, 2022   Maldini - a quarter of a century of credibility  Liam Cunningham • May 27, 2022   Cannabis In Sports  Amy Burns • May 27, 2022   Premier League circuit break: Will football be halted for two weeks?</description>
    </item>
    
    <item>
      <title>Technology</title>
      <link>http://example.org/topic/technology/</link>
      <pubDate>Mon, 01 Jan 0001 00:00:00 +0000</pubDate>
      
      <guid>http://example.org/topic/technology/</guid>
      <description>Technology Be knowledgeable with information about technology.    What is headless CMS development and when do you need it?  Margaret F. Wise • May 27, 2022   Best 5 Android Frameworks for App Development  Jason Adam Katzenstein • May 27, 2022   7 Strong Reasons to Invest in the .NET Framework in 2021  Ali Fitzgerald • May 27, 2022   Top 10 Tips for Android App Development Success  Jason Adam Katzenstein • May 27, 2022   IoT Application Testing - Complexities &amp;amp; Challenges  Jason Adam Katzenstein • May 27, 2022   12 Reasons for React Native App Development Popularity  Kerry Elson • May 27, 2022   How to Optimize MySQL Database Performance  Jason Adam Katzenstein • May 27, 2022   Things To Look For In A LED Screen  Kerry Elson • May 27, 2022   Latest Trends in IT and Its Impact on Outsourcing  Margaret F.</description>
    </item>
    
  </channel>
</rss>
